,0,,,,,,,,,,,,,,,,,,,,,,,,,,,,,,,,,,,,,,,,,,,,,,,,,,,,
Marco's Pizza,"[(41.70852, -81.359556",", (35.1704967136, -80.6608630869",", (41.4657893, -81.5063487",", (41.389054, -81.7622506",", (35.22574, -81.133624",", (33.6393909, -112.1738684",", (41.4185601, -82.1288178",", (41.464121, -81.5596149",", (41.1418551, -81.8635223",", (41.5197741128, -81.4599117076",", (33.6086264004, -112.3605310171",", (35.0120187, -80.8514743",", (36.014137, -115.15498",", (41.3217763, -81.8355909",", (41.4088952, -81.9765795",", (35.3154399759, -80.6743008474",", (43.015986, -89.499539",", (41.4396752, -81.7363316",", (41.3138001, -81.5061246",", (41.4544134, -81.7922562",", (33.4240963216, -111.7196646064",", (41.4656238, -82.1460657",", (41.432007, -81.8829151",", (33.4575713, -112.3931507",", (41.493773, -82.016786",", (41.3657262, -82.1589737",", (33.2971703, -111.7481213",", (34.9542459647, -80.8506162905",", (41.6114959, -81.5224715",", (41.1100145, -81.5686757",", (36.0550930904, -115.2833114924",", (41.371424, -81.8686635",", (41.136988, -81.488488",", (35.4111295, -80.6640339",", (36.0254612, -115.0466595",", (36.128052, -115.314556",", (35.0616973, -80.962541",", (35.1045865, -80.9884179",", (41.484496, -81.801103",", (35.383842, -80.78614",", (36.2619982, -115.2067474",", (41.1654526, -81.4392963",", (41.3400851, -81.4358601",", (41.3936667, -81.5364615",", (33.7115207508, -112.2033539025",", (41.5210509, -81.5304425",", (43.1881687, -89.2268204",", (35.2899191309, -81.0174095296",", (41.4033979, -81.689779",", (41.4262101, -82.0755871",", (40.094481, -88.1913992",", (36.2967459, -115.2884813",]
Domino's Pizza,"[(43.6406266, -79.5389165), (43.8612259038, -79.3116023107), (40.5897698975, -79.7250798717), (36.020876, -115.047722), (33.3371177, -111.7571813), (33.4537442, -111.683725), (43.6509146, -79.4394628), (36.1916690719, -115.3068856471), (33.5401686, -112.1338888), (45.4947648, -73.574378), (41.3109346, -81.8357024), (40.3492497, -79.8913423), (43.0735188, -89.3928866), (33.466386, -112.167899), (41.127474, -81.609428), (43.6061904, -79.6914718), (40.127859, -88.274883), (41.4633968, -81.0930288), (33.596049607, -112.2189349615), (41.384607, -81.439568), (43.1778773, -89.2398118), (33.4949799, -112.2234001), (36.0996688, -115.1014346), (51.1116742, -114.0558965), (33.537015, -111.907282), (43.7048926, -79.2884998), (43.5695571, -79.5669729), (36.1287148858, -115.093188715), (43.6524735178, -79.374957718), (41.3649902, -81.6856414), (33.4054083, -111.8750455), (36.2982003, -115.2698157), (33.394052, -111.822347), (43.7132519, -79.3670947), (43.6554468, -79.365425), (40.4134701, -79.8458021), (33.4808122, -112.2028442), (41.31579, -81.652973), (33.6400807, -112.0101894), (33.5105145, -111.9111238), (41.1407614, -81.3564795), (51.0348223, -114.1914922), (41.3938627, -82.0080591), (40.3040827569, -88.1591145667), (43.4848765933, -79.7146423906), (41.7157319, -81.2425123), (43.8782876, -79.2381104), (41.3659982, -81.8534081), (45.5780612, -73.6795914), (36.0340897, -115.2074639), (33.3925091, -112.0693643), (33.334695, -111.842345), (43.5804908, -79.6138973), (33.450757938, -112.4218724337), (41.2379709, -81.825664), (36.277855, -115.288323), (33.261255, -111.856527), (33.6832944, -112.2370545), (33.40849, -111.7887844), (33.4344308, -112.3039232), (36.143852316, -115.1351314), (33.6535156, -112.0640113), (43.6653857, -79.4705236), (45.52068, -73.627418), (33.4795033, -112.0732998), (33.5533448, -112.1692338), (33.6978864, -111.8884967), (41.1050226, -81.4463744), (45.4794598, -73.5809779), (33.4078922, -111.9539189), (40.516043, -80.038569), (41.6155583, -81.5151222), (43.6867619, -79.4388126), (51.0412737, -114.0813745), (33.5884153, -111.8347423), (36.0677217, -115.0366746), (33.3374683, -111.994494), (40.0972527, -88.2768244), (43.6796679, -79.3395009), (40.1104381, -88.2384162), (43.0964256, -89.5006121), (33.6405889, -112.134846), (36.1962338, -115.1057054), (44.0019263, -79.4560529), (33.4954124, -112.0994869), (45.5106415, -73.553346), (41.3150936, -81.553914), (33.6130379613, -111.9771734987), (36.0202205, -114.9621225), (43.7071598119, -79.4426131668), (43.6607492, -79.5113246), (41.3863268, -81.76973), (41.5054631553, -81.5368748456), (33.5968525, -112.2718861), (43.8528791837, -79.4315230648), (50.9386093, -114.0837092), (36.1969834, -115.1803758), (36.0996457435, -115.2998998596), (36.2399658, -115.2304525), (43.7662871, -79.2595984), (43.7639054, -79.3987605), (40.4410921, -80.0691206), (36.1972759, -115.2231899), (41.485638767, -81.7926494969), (51.0713025, -113.9576504), (36.144594, -115.277173), (33.392484, -112.168831), (33.318955, -111.90895), (33.3052187082, -112.0567920212), (36.2163022, -115.0928324), (43.7434743, -79.3014255), (33.4143460071, -111.9289950021), (40.535071, -80.229376), (43.085315, -89.300804), (33.484074, -112.363106), (35.9974375, -115.1019443), (43.841703, -79.508711), (43.5680281365, -79.6659388393), (40.3100833011, -80.0334441274), (45.466628, -73.655298), (36.145835, -115.1903726), (36.1449628679, -115.2051184478), (36.173302, -115.077354), (44.1140056, -79.566034), (35.975326, -114.84501), (43.650107533, -79.4377351552), (41.4252514, -81.89878), (43.7733596, -79.4930175), (43.0497626, -89.5027669), (33.4807004, -112.028413), (36.2109214, -115.2799156), (43.6961027, -79.7720539), (43.8175972, -79.449897), (50.978626, -114.071208), (33.5232172, -112.1339665), (41.199695, -81.439738), (33.363058, -111.930469), (51.125502, -114.197858), (33.4808986, -112.1507276), (41.4172792, -82.2002088), (36.0999957, -115.1364347), (36.2529678, -115.1527173), (43.8278563, -79.2877916), (33.4805337, -111.935543), (50.9324294753, -113.9830968356), (33.5094011, -112.06132), (40.124186, -88.2004984), (33.3196702, -111.8606666), (40.4689157, -79.8235826), (45.5399708, -73.6116652), (51.061215, -114.062783), (43.6416947, -79.4020503), (35.482226, -80.880551), (33.5607669, -112.0648466), (43.7099144, -79.7908416), (40.5998475239, -79.9466154331), (43.7450128, -79.7200497), (43.601733, -79.5008951), (33.60981, -112.1690583), (40.4417516, -79.9994406), (33.4955704, -112.0038326), (41.2462024, -81.3448831), (36.092147, -115.2085074), (40.4720189065, -79.914773291), (35.426748, -80.5961978), (41.160004, -81.863155), (33.492868, -112.292393), (43.7834087, -79.5761942), (44.0574628, -79.4602025), (43.8275826, -79.0913835), (40.1958657, -88.399785), (33.639081, -112.390655), (41.445948, -81.8549242), (33.5667741, -112.1024556), (33.6184019634, -111.9253628701), (43.4651218, -79.6843192), (41.6376434, -81.4086539), (33.6093771761, -112.3290068354), (33.5804581, -112.1335903), (40.3753450356, -79.9836302319), (33.4229267, -111.8393918), (43.5827346, -79.7651334), (33.5226529, -112.2024949), (33.3798168, -111.6852012), (36.0189708287, -115.1175744641), (40.4286815, -79.9946531), (43.5803869, -79.7274079), (43.7056729, -79.2510097), (45.5176077, -73.5822605), (36.1591497, -115.0463891), (43.952874728, -79.4554064469), (33.4152152, -111.6905265), (36.2877468, -115.1786798), (35.4867674, -80.6107022), (45.512093, -73.677872), (35.0226380865, -80.846740182), (33.285206, -111.685437), (43.6025449, -79.6488145), (33.4236014, -112.2257809), (43.719231611, -79.5947630703), (43.748847, -79.3476558), (40.434955, -79.753561), (43.7531566, -79.4509407), (33.6988311, -112.1409257), (33.8446077701, -112.1345720038), (43.8501143382, -79.4447648898), (43.6690382, -79.4129769), (36.1587616, -115.2242537), (41.4641507, -81.7611939), (51.0380757, -114.1334855)]",,,,,,,,,,,,,,,,,,,,,,,,,,,,,,,,,,,,,,,,,,,,,,,,,,,,
Little Caesars Pizza,"[(43.9994281, -79.2368879), (43.9988029, -79.474695), (35.0053328, -80.9455681), (41.1562919617, -81.861114502), (33.2932515, -111.788994), (33.482016652, -112.0132941711), (41.3593115, -81.6862887), (40.3974544, -80.0852973), (36.0125444018, -115.1562697068), (36.2180235534, -115.1595860908), (33.3789234, -112.1665409), (36.208962, -115.108677), (36.2190181, -115.2762574), (33.384321121, -112.0728831809), (33.3056349, -111.720437), (33.5081735, -112.0947772), (35.9991237, -115.1039473), (36.0408717745, -115.1015072121), (36.2412164566, -115.0779131743), (35.2122069, -80.6904682), (41.419001151, -81.7288836683), (36.1958296, -115.0627704), (36.0674907529, -115.0686471666), (33.5389001, -112.136734), (36.1585364, -115.2020084), (33.4521399, -112.3597538), (43.1020421, -89.3446534), (43.6656166, -79.484727), (33.4663498, -111.9848827), (33.2319416609, -111.7212181533), (43.5916469, -79.5757803), (35.2571166, -80.7787224), (33.5670515, -112.0733931), (36.1149933959, -115.0991731649), (35.2246841, -80.8938117), (33.7132887, -112.1397613), (33.3784758, -112.0286808), (33.4071933, -111.927283), (33.3919982, -111.8238823), (43.725695, -79.8155369), (36.1209019, -115.138783), (33.4954215852, -112.2357978434), (33.3951, -111.754297), (45.4811736, -73.8420066), (41.1298246, -81.5087648), (33.3632376, -111.926903), (36.1008769, -115.2445968), (33.4377294, -112.4101009), (43.6661412, -79.7375339), (34.9619868, -81.00276), (50.983458, -114.014459), (51.2698363248, -113.9881324768), (43.7129523934, -79.7461077198), (43.6380507, -79.7173764), (33.5082851714, -112.3558014259), (41.4552726, -81.7867259), (33.3927901, -112.0972393), (41.502411, -81.539161), (50.9607187, -114.1052556), (36.1010948, -115.0633264), (35.1514326632, -80.8754379341), (33.3796705203, -111.9773966151), (33.6230548882, -112.33975752), (36.2600263994, -115.1550631483), (33.4781081731, -112.2904260908), (33.422303, -112.2202854), (50.9421633414, -114.0461515938), (36.1583654, -115.1260071), (36.055015, -115.279266), (33.4940188506, -112.0462309197), (36.1592558, -115.0824743), (40.3941422, -80.0355641), (36.1948021937, -115.20653004), (33.5232612, -112.2014704), (33.4508358, -112.1364546), (40.0944108, -88.1913764), (33.479058, -111.909497), (33.6532113, -112.1009338), (33.537211181, -112.1691789524), (43.191104, -89.463054), (36.1635947776, -115.2444908585), (41.2390005, -81.3475472), (50.9174673123, -113.9608763005), (36.2178018, -115.2405841), (36.1451024585, -115.0630662392), (40.108833611, -88.2435071468), (33.627322, -112.012142), (33.450828, -112.3600414), (41.4180069905, -81.9192123413), (51.0823234414, -114.09239389), (35.312455, -80.713534), (43.5247563, -79.6851138), (33.5371177473, -112.2394554147), (40.3583525, -80.0012115), (33.3616118821, -111.7896769568), (36.2176985, -115.2405689), (33.3935893, -111.8770733), (35.0136084, -80.5700053), (33.4663727, -112.1535005), (35.41059, -80.853365), (41.477317, -81.7832857), (36.2473932, -115.2096463), (33.3337272, -111.7717961), (43.1794345, -89.2361739), (33.6090402, -112.3925976), (35.2879717, -81.0177733), (33.6557139, -112.0621105), (51.0928063, -113.9664724), (33.5943632, -112.2207511), (36.3026183271, -115.2823048807), (33.5802239, -112.1518963), (43.8470749965, -79.5356662258)]",,,,,,,,,,,,,,,,,,,,,,,,,,,,,,,,,,,,,,,,,,,,,,,,,,,,
Pizza Hut,"[(33.479506, -112.046931), (51.0386268, -113.9667961), (41.465371, -81.760242), (40.4270688, -79.937582), (35.4367769658, -80.6797029963), (35.0354342, -80.9721178), (36.115157, -115.2319877), (43.7637357, -79.2920401), (33.3644506, -111.9131709), (36.1441807, -115.0628631), (33.5551465, -112.1005889), (44.0550795, -79.474812), (36.1715690619, -115.2090418909), (40.3369138, -79.8100027), (36.169353, -115.061694), (43.7705231, -79.1864221), (40.3672648, -80.1040994), (41.1096793, -81.5702316), (36.159444, -115.251164), (33.4568736, -112.3933832), (41.412078, -81.603122), (40.3821848, -79.9046134), (33.5805437923, -112.2557231592), (36.1362575, -115.1512526), (45.5132734, -73.6758868), (36.230724, -115.162672), (36.0709692414, -115.2984465659), (43.0845849, -89.29958), (41.083337, -81.5795114), (36.0294276103, -115.0859494789), (36.0414988022, -115.1531707878), (33.4220352, -112.2721655), (41.4953121, -81.9876543), (43.7109719, -79.2908941141), (43.7943731, -79.353754), (41.2438201, -81.3450765), (33.4145121, -111.8720823), (36.094673, -115.208822), (33.5227229, -112.0479103), (41.4253019, -82.0765044), (35.4961609, -80.6283339), (36.0315955637, -114.9700385535), (41.7011604584, -81.3773120356), (35.118784, -81.0855811), (33.609624, -112.1343297), (43.0967051, -89.498271), (41.3121025, -81.8346574), (43.7562204, -79.5180336), (33.407151, -111.7744342), (40.437384, -79.787026), (35.146999, -80.80925), (33.6702268, -112.1181065), (45.4402245, -73.6216421), (51.1603304, -113.9597577), (33.4145833, -111.628582), (43.8807827945, -79.3932664767), (34.9245482185, -80.7449110597), (33.4662216, -111.912097), (42.917529, -89.372314), (33.6402101, -112.421825), (45.4910947, -73.648856), (33.6706202, -112.2016265), (33.6092867, -111.7292103), (35.1875233, -80.6874494), (51.1547861, -114.1057621), (43.707001, -79.268149), (43.5858423, -79.6985308), (41.5575249, -81.5511583), (35.0054658, -80.5583195), (33.464825, -112.152306), (36.1000670645, -115.1382271573), (35.0530905, -80.8471633), (41.4186021, -82.2077892), (51.0457013148, -114.0573661958), (35.2070881, -80.8351947), (41.3200649248, -81.3480358225), (43.7445898, -79.6964151), (33.4557268, -112.0728342), (43.84245, -79.02799), (40.4773799, -79.7875682), (36.130475168, -115.1093912609), (43.714239, -79.5687289), (43.5757177468, -79.6554086787), (35.2142, -80.782256), (33.799076, -112.131283), (40.4563367, -80.0071993), (33.4079719, -111.9104912), (33.480713, -112.0038326), (41.5812796, -81.2166404), (43.6676492705, -79.7334285376), (43.0610545, -89.5121797), (43.8148423, -79.2923535), (36.0990357434, -115.1748771965), (43.8206872, -79.3883096), (41.4797181, -81.8392665), (33.2623743, -111.859793), (41.5389777, -81.4961621), (33.489344, -111.927972), (43.6573124, -79.3741798), (41.3142574, -81.516831), (36.2190682, -115.2588929), (36.1452874912, -115.2950038782), (41.1539224, -81.862325), (41.461719, -81.485245), (41.4312287, -81.7341243), (41.43349953, -81.7924176157), (33.3938784, -111.8413481), (51.073674, -114.16481), (40.354929, -79.6516755), (50.9621535, -114.0860011), (43.8662182, -79.2881832), (36.1971668974, -115.2242623327), (35.4433339, -80.9963048), (36.1941838, -115.025515), (51.1384031, -114.1595793), (35.4800817, -80.8911735), (33.333887, -111.7549916), (41.4834915, -81.7023837), (43.7573348, -79.234674), (41.6248667, -81.4385172), (43.0144898, -89.4274581), (35.4285728, -80.5994505), (33.5364051, -112.3414375), (45.581582, -73.706875), (33.5097128, -112.136571), (50.9329253, -113.9693875), (45.5723021, -73.5868622), (33.3480749, -111.8585819), (43.5270706364, -79.6502489065), (41.484475009, -81.921149902), (36.10259, -115.136559), (35.9992598204, -115.1074552376), (33.58248, -112.205558), (33.4923751, -112.2893717), (43.617294612, -79.5383780205), (41.402909, -81.690431), (40.339938874, -80.0250088153), (43.764524, -79.412161), (33.6383687, -112.184355), (36.2153706, -115.0982814), (50.915053, -114.065873), (43.7219236, -79.3034216), (43.9744853, -79.2313625), (33.6988387, -111.8881363), (36.099317, -115.1138112657), (41.236659, -81.819618), (33.4494969934, -112.3427564338), (35.147999, -80.924835), (41.4328201, -81.8821047), (36.1439570392, -115.1824128628), (33.5817549, -112.0084514), (43.607783, -79.649827), (43.6563311, -79.4353349), (36.2630128, -115.1805607), (36.0567624, -115.0403667), (40.4161639976, -79.8484485489), (41.4622446, -81.6434224), (41.4833296, -81.7684265), (35.2465644, -80.7520571), (40.070779165, -88.251749561), (43.587256, -79.7411835), (33.6393810419, -112.352495081), (35.2026783, -80.74028), (33.5796175, -111.9276631), (35.2440913, -80.8919731), (51.0130857, -114.1399128), (33.3055517, -111.8744206), (43.6708081, -79.29708), (35.0473602, -80.6465218), (42.9187770175, -89.2378910613), (51.2916391, -114.0008072), (40.4274142, -80.0530219), (36.268688, -115.110862), (40.4538812, -79.949545), (41.5033473, -81.5559364), (36.1577770064, -115.1237820174), (33.67843, -112.27805), (41.4643582, -81.5625902), (36.041622, -115.116664), (40.5903417, -79.7379775), (43.8338575316, -79.0911094823), (40.4283402, -79.9774276), (43.6436725242, -79.4045886218), (43.1339873871, -89.3698636807), (35.3232661, -80.9462201), (35.94297, -115.115904), (36.160725, -115.2453617), (36.2194092, -115.3247337), (33.3780384721, -112.1743264149), (35.3966113, -80.6083638), (41.2243825601, -81.4413189266), (41.6776363, -81.309091), (35.0892447, -80.8683306), (35.3199107, -80.6687195), (35.278121, -80.766662), (43.7227691, -79.7983613), (41.4145631, -81.5361807), (43.7894830893, -79.417128), (41.6134317, -81.4640482), (33.3194954332, -111.9290033575), (36.1392610438, -115.1376199722), (36.3171218, -115.2071789), (43.754219, -79.351407), (33.3212152, -111.9795485), (33.4507373, -111.7725904), (43.7048838514, -79.4929611762), (40.4974044, -79.8449371), (33.6543385, -112.0667308), (33.5387785, -112.1523594), (35.9981629522, -115.2066554615), (35.251371, -81.1898856), (50.930142, -114.02501), (33.6082766, -112.0668712), (43.6778423, -79.3902487), (40.3124795, -88.1287523), (41.1550086, -81.3320784), (35.3535486, -81.0889023), (40.500796, -79.943429), (35.2792337, -81.1404833), (35.2396069, -81.1232275), (43.1316009, -89.3019937), (33.2342679, -111.7908572), (43.6963388, -79.5333982), (41.3985977, -81.9964437), (41.5042717, -81.6327038), (36.1088879, -115.2781478), (36.2915433, -115.2863977), (36.1595276, -115.3194631), (36.20184, -115.282175), (35.0953817, -80.7780359), (43.0613179, -89.4010982), (41.5040495, -81.6746061), (43.8780306, -79.2408656), (35.407082, -80.864037), (40.3677843, -79.9827153), (41.1508735, -81.5081473), (35.2546388, -81.0278042), (33.7558515, -111.9929104), (51.1233953, -114.203093), (33.5241484, -112.2019585), (33.379331, -111.787194), (33.5658429, -112.1521781), (41.4646606, -82.1327089), (40.5072549, -80.2226832), (43.6413126, -79.5773763), (43.7026571, -79.7382729), (33.4052285, -111.9788482), (36.1153822, -115.0680757), (43.2393613, -89.342612), (35.1408488, -80.7402718), (43.7420621, -79.5933844), (35.2944085, -80.7447832), (33.3985754, -112.0726293), (33.492869, -112.202377), (36.0832757188, -115.0322994557), (36.0121407, -114.964577), (35.5352195, -80.7995161), (41.1396865, -81.4400982), (35.1178263, -80.6960262), (40.543238, -80.01371), (35.3703445928, -80.5502068687), (33.594418, -112.378433), (43.6956732, -79.4515145), (40.1101088, -88.2323072), (43.6526222, -79.4710037), (35.3648706, -80.7867722), (33.6408819, -112.0293328), (36.238059, -115.210341), (41.4611486, -81.0725198), (40.1202096, -88.2772715), (40.392088, -79.987301), (41.3854403, -81.436374), (43.836159, -79.506367), (41.6088331, -81.52502), (40.6015544, -79.9477458), (33.3208935, -111.8419859), (33.3299545447, -111.6918182373), (43.1936968, -89.4617636), (35.3337455, -80.7951457), (40.3945678, -80.0669745), (35.9722881, -114.8495392), (43.5867092, -79.6098135), (40.3377829, -79.9504723), (43.6719461, -79.3852273), (33.5964559604, -112.0148011753), (36.261321496, -115.2473841554), (33.4508314, -111.7008303), (36.0209179483, -115.267488816), (41.1554654, -81.3993896), (33.4076919, -111.9501765), (33.4936748, -112.236306), (36.0494801256, -115.2437653816), (36.1955205956, -115.1155382175), (43.861202229, -79.4356170008), (43.806776, -79.2216764), (43.6475595, -79.3704531), (40.6140119, -80.0544968), (41.411767, -81.930284), (43.6439342, -79.4042388), (33.623881, -111.942533), (35.1897454, -80.8749903), (33.4948056, -112.0995026), (43.7006359, -79.3735263), (41.3866152, -81.7689404), (43.0160734, -89.4970662), (40.2622500517, -80.1754761457), (36.2745259, -115.1443763), (41.3070231, -81.4393579), (33.6395295139, -112.2766101541), (41.7071043, -81.2673911), (34.9688644, -80.9929348), (43.844649, -79.554719), (33.3788183, -111.6905887), (41.520492, -81.4680511), (41.3714780043, -81.8268478105), (33.5871096156, -111.8373498823), (33.3048185, -112.0160588), (43.0155511, -89.3026243), (33.417347, -111.788637), (43.1887242, -89.227899)]",,,,,,,,,,,,,,,,,,,,,,,,,,,,,,,,,,,,,,,,,,,,,,,,,,,,
Boston Pizza,"[(51.1638004829, -114.1261184399), (43.769460064, -79.4130655378), (43.7579004, -79.4659499), (51.0173083198, -114.1623957464), (50.9784488, -114.0150795), (51.0410254, -114.1364277), (43.5966675, -79.6424333), (50.961760366, -114.1215700813), (51.2032209, -113.9930715), (45.560628, -73.741411), (50.9612285, -114.0723083), (43.6441392146, -79.3885531386), (43.6788377, -79.7201374), (51.048566, -113.82647), (51.0809533, -113.9963132), (43.6888206, -79.5858219), (51.1545495774, -114.067274343), (45.56071, -73.745351), (51.0969303, -113.9561983), (50.9874608354, -114.0454114165), (45.45398, -73.465045), (43.6593968, -79.3818779), (43.8624934341, -79.0160429373), (43.738687, -79.70276), (51.1255264, -114.0726564), (43.5516756, -79.7154919), (51.2699538459, -114.0036139528), (43.6382506, -79.6229704), (43.78923, -79.53222), (43.7290931, -79.288601), (45.4486301, -73.6087194), (45.6444107, -73.8363837), (43.8207250951, -79.3253723791), (43.8476095, -79.375457), (43.7757174, -79.2628222), (43.7620368, -79.4103214), (51.1268739439, -114.1972803191), (45.500843, -73.376099), (44.0936069363, -79.1319559515), (43.9161246, -78.9556644), (43.7965878, -79.2037654), (51.0489624, -113.9930544), (45.3325815118, -73.287009966), (51.0380292, -114.0875861), (44.0122878, -79.4151328), (44.0712207, -79.4838289), (43.5079749, -79.6675329), (45.611647, -73.7008939), (43.6364594245, -79.692366819), (51.0673646414, -114.1163489116), (43.6185789, -79.5440988), (40.1451769, -88.258404), (43.8699127808, -78.9123170124), (43.8458393906, -79.0710686035), (43.6568994, -79.4355343), (51.0006521664, -114.0748879347), (43.6575079233, -79.3274326404), (43.6510005, -79.887957), (43.8855704, -79.3707108), (50.9313724604, -113.9708400377), (43.8533454776, -79.2574310303), (50.9414743, -114.0687253), (51.1058866255, -114.1636511403), (43.6110003, -79.7486271), (43.8285530429, -79.5410550274), (43.7072315, -79.397072), (51.1229201145, -113.9463961387), (36.1530812, -115.1509664), (45.4072249717, -74.0405077735), (43.9631135664, -79.2533218861), (50.9028966189, -114.0657476814)]",,,,,,,,,,,,,,,,,,,,,,,,,,,,,,,,,,,,,,,,,,,,,,,,,,,,
Pizza Pizza,"[(43.6503226, -79.3900762), (43.6599362, -79.5832703), (43.5806084, -79.6476882), (43.818136, -79.3050725), (43.6546232, -79.4593817), (43.5988243, -79.7118024), (43.7639846802, -79.3997650146), (43.6079011, -79.6176517), (43.6709952312, -79.3282520771), (43.570217, -79.566431), (43.930132, -79.5185398), (45.513992, -73.682668), (43.841217, -79.303936), (45.5202136553, -73.5974769773), (43.6831351, -79.4199253), (45.5228886, -73.5519023), (43.6760141, -79.3589764), (43.640257, -79.3817311), (43.6577514, -79.3817333), (43.669131, -79.335314), (43.7084148, -79.4758842), (43.7554125, -79.4391678), (43.8694259, -79.3614299), (43.6589038, -79.4393633), (43.7457897, -79.4874779), (43.7943558, -79.3298693), (43.6711886, -79.3874048), (43.7161407, -79.6343324), (43.8236508, -79.4256952), (43.6494848, -79.3710947), (43.7684555, -79.2686172), (43.6563207, -79.3773755), (43.9707904, -79.2505903), (43.4658322, -79.743164), (43.7562587, -79.5154267), (43.7975966, -79.4707915), (43.7624173, -79.4115237), (43.5591152, -79.7447193), (43.7346401486, -79.3462056748), (43.6098325, -79.5839821), (43.6679839, -79.3698118), (43.6470449718, -79.4041427663), (43.6054119, -79.5468258), (43.8595128, -79.4337047), (43.760744, -79.728822), (43.7980324, -79.2728278), (43.6469736, -79.404198), (43.6893066, -79.2955409), (44.0158793, -79.4475271), (43.7346401486, -79.3462056748), (43.6134614, -79.646157), (43.8417711, -79.0840136), (43.6588117, -79.3511769), (43.7983618, -79.3184634), (43.6266432, -79.5024054), (43.6853887, -79.3129744), (43.6438459, -79.391824), (43.5776532, -79.6143273), (43.741218, -79.513088), (43.7019327, -79.7417839), (43.675968, -79.745855), (43.8434411, -79.408106), (43.6659478, -79.3806846), (43.8054466605, -79.3842647136), (43.4997563, -79.6506272), (43.5931694398, -79.7648340755), (43.7699125, -79.3758667), (43.6450945, -79.3980696), (43.9503719, -79.4560056), (43.7953316, -79.2267188), (43.797486508, -79.4263420471), (43.7932506299, -79.4465633321), (43.5922381, -79.6259097), (45.4930129, -73.5799211), (43.6618689, -79.3830445), (43.8622012, -79.4860528), (43.7248400041, -79.28991885), (43.6548736, -79.4146812), (43.7686116308, -79.18804035), (43.7076725, -79.3981607), (43.6652249, -79.4114287), (43.6857008, -79.5235907), (43.7604548, -79.3255941), (43.6669739, -79.4035895), (43.7841871, -79.2921506), (43.661054, -79.429089), (43.6777176, -79.6248197), (43.7331732, -79.5888316), (43.6018718, -79.5011515), (43.8304101, -79.1221546), (43.858096792, -79.332040742), (43.7062485, -79.3891646), (43.7884887204, -79.548258296), (43.8924511223, -79.2915227522), (43.6687021, -79.3055517), (43.658955, -79.372674), (44.1121646, -79.5708139), (45.5473691857, -73.5756307534), (43.6808325, -79.2839062), (43.8801741, -78.9388474), (43.7224551, -79.2351613), (45.517136894, -73.5575714422)]",,,,,,,,,,,,,,,,,,,,,,,,,,,,,,,,,,,,,,,,,,,,,,,,,,,,
Hungry Howie's Pizza,"[(35.3110293, -80.716159), (35.088038, -80.860588), (33.6249506, -111.9759423), (33.421963, -112.2910862), (33.4795736441, -111.9816427238), (33.2937263, -111.7218586), (33.6528177, -112.3708835), (41.4179509, -81.7563041), (33.492897, -112.333147), (33.4808391, -111.9099763), (33.3771752, -112.045629), (41.1394444, -81.508925), (35.1408179, -80.7380644), (33.416182504, -111.9222192529), (35.333478, -80.796171), (33.3046248, -111.982272), (33.6084197, -112.2385364), (33.5391062462, -112.217822111), (33.596948, -112.166664), (41.1536575, -81.3363537), (41.4574073, -81.8931354), (41.1201959, -81.8649687), (41.6768195, -81.3114292), (35.1361786, -80.9369736), (35.1922563, -80.8733216), (36.3006294, -115.2841268), (33.3200057, -111.8096749), (33.6396391, -112.2022155), (35.0685804, -80.6767979), (35.052884, -80.815583), (41.485572, -81.8107967), (35.470308, -80.611412), (33.364791, -111.8783309), (35.217116, -81.157421), (33.4504389, -111.8049064), (35.4589201638, -80.8889990992), (35.286686, -80.727098), (33.6536166, -112.1352214), (33.395321, -111.752909), (36.2757612, -115.1804399)]",,,,,,,,,,,,,,,,,,,,,,,,,,,,,,,,,,,,,,,,,,,,,,,,,,,,
Papa John's Pizza,"[(33.3922513145, -111.9077147293), (35.2730597, -80.9358721), (41.1656975, -81.441558), (43.0146904387, -89.4983652026), (35.172285, -80.660703), (36.1020213, -115.2966767), (35.2322636, -81.1675409), (35.2542070335, -81.0416600544), (33.5387916, -112.0480464), (33.6228734, -112.3319654), (43.654809815, -79.416045472), (33.4799101, -112.0779712), (33.395649924, -112.0737399906), (33.4172963, -111.7355052), (33.611668, -111.927589), (35.029324, -80.850153), (35.1068061, -80.8068776), (43.1008373163, -89.3489094618), (33.4503331, -112.3470489), (40.1131849, -88.2837312), (33.3798264, -111.680185), (36.2613789, -115.1553345), (43.072826, -89.394966), (36.201019, -115.280644), (35.0529363, -80.7696899), (33.473213, -112.391764), (41.387005, -81.441554), (36.1658726707, -115.0625643659), (40.4536377, -79.9469879), (41.2448108, -81.3454824), (33.6123128188, -111.9944543314), (36.167218, -115.259651), (33.3576587, -112.4285876), (33.6393162, -112.0653008), (51.1482512, -114.072164), (33.5013170365, -111.9844446455), (51.076287, -113.9900978), (33.639152, -112.063087), (33.3223964, -111.8604916), (33.4329421387, -111.843711), (41.2382926637, -81.4493229585), (33.797531, -111.976648), (33.6520764, -112.2338377), (35.2890019, -81.1879621), (35.2282399, -80.6977587), (36.0995506, -115.3027463), (35.1731371, -80.8764557), (33.4954365, -112.0197856), (41.7155807, -81.2427478), (33.507694, -112.238262), (41.7000794, -81.3770392), (40.3665776, -79.9814707), (33.5904238, -111.8355724), (36.1584565, -115.317141), (34.977498, -81.026741), (33.4657865, -111.6822267), (36.2393708195, -115.2024694295), (50.912807, -113.950007), (41.4666649, -81.9230022), (51.0375541, -114.0747367), (51.0364729, -114.167857), (36.1301338, -115.1412955), (43.095451, -89.495024), (41.4416461, -81.7227361), (41.425152, -81.896178), (41.6249378, -81.4396178), (33.3202095032, -111.9279937744), (35.2524515, -80.6574073), (33.4077786, -111.9468685), (33.3493441221, -111.7571623885), (35.3133291, -80.7431378), (40.3095677, -88.1561669), (36.0196553, -115.2712159), (34.9361157014, -80.8376204444), (35.979927, -115.100444), (43.77543, -79.1789256), (34.954505, -80.7597407), (33.6387561, -112.3891486), (33.5392012, -111.9229176), (50.944873, -114.068969), (41.2378689, -81.8392324), (35.2125167, -80.8277877), (43.6509146, -79.4394628), (36.0133354, -114.9600762), (33.5696669, -112.1859152), (33.376211, -111.859191), (36.111031, -115.063331), (33.333655, -111.806298), (36.1002318771, -115.2097905388), (33.6088164, -112.3571291), (33.4664822, -112.1884245), (33.375999, -112.167009), (35.119784, -81.08011), (41.1540118, -81.3515391), (36.2385481, -115.046445), (33.233858, -111.723631), (41.1127563, -81.5757375), (33.5528695002, -112.1337118492), (35.2397926, -80.7975628), (33.349376765, -111.7572197639), (35.3113185, -80.8383195), (43.5969386819, -79.6625056118), (35.2232265, -80.725492), (36.021453, -115.119188), (41.3817785, -81.7799519), (36.0723704, -115.099512), (41.3988799, -81.6895844), (33.5532410584, -112.0982251035), (33.6541985, -112.0294133), (36.1584565, -115.3171465), (41.5010177, -81.5212617), (35.383282, -80.581321), (33.565492, -112.252947), (40.1103355, -88.2379969), (41.449771, -81.8164605), (33.6399444, -112.1497746), (36.2994614, -115.2804654), (33.4704454, -111.9257685), (35.4022246, -80.7598498), (40.0980033, -88.1927509), (35.1168080295, -80.9623118409), (35.1708445, -80.7457141), (40.3946, -80.035252), (35.3258902, -80.9463896), (33.610269, -112.4219287), (41.6098851, -81.5251536), (35.473394, -80.610222), (33.7115673, -112.2715135), (36.1864435, -115.2243211), (41.313399, -81.5120663), (51.0381873, -114.0896527), (35.0315252095, -80.9676051604), (35.0485407, -80.6463484), (35.0571464063, -80.9338453467), (41.5238172, -81.5896139), (35.4362357, -80.8657344), (33.4348971, -111.822232), (41.5204177, -81.4741793), (41.482898, -81.8262139), (35.211766, -80.7813841), (41.416393, -81.6058962), (33.2330891, -111.8603053), (51.137925, -114.185243), (36.0241322062, -115.0631005926), (36.3011557, -115.2826413), (35.3675829, -80.6654208), (51.0707127, -114.1169116), (36.261408097, -115.1552187196), (33.3203504, -111.9918903), (35.1725039, -80.9622819), (33.4212346, -111.9515082), (41.1339831, -81.8637534)]",,,,,,,,,,,,,,,,,,,,,,,,,,,,,,,,,,,,,,,,,,,,,,,,,,,,
Pizza Nova,"[(43.9264369542, -79.4513516204), (43.775182, -79.273554), (43.9899026, -79.4644997), (44.0184158, -79.4476687), (43.779366, -79.364287), (43.6214629199, -79.7426165225), (43.779639, -79.4152174), (43.8099849, -79.4594055), (43.7071105, -79.7874934), (43.6665095828, -79.3164825439), (43.6647883, -79.3807374), (43.7507415873, -79.4564428926), (43.6653215, -79.3871216), (43.6450491, -79.7541452), (43.7725166, -79.7029863), (43.757861, -79.4097018), (43.7509678, -79.5428724), (43.8355856, -79.253969), (43.665473, -79.490748), (43.5748350617, -79.7392373377), (43.64946, -79.365449), (43.8465781, -79.4600501), (43.8306916, -79.534144), (43.8569898255, -79.4099188279), (43.7080052374, -79.4432153731), (43.8383960233, -79.5598337357), (43.7627677917, -79.4914169312), (43.8870013882, -78.9042689279), (43.6767027, -79.4113273), (43.7554674, -79.3484244), (43.8606468, -79.4881846), (43.7761572, -79.4143746), (43.7856298, -79.2793312), (43.5595819, -79.5868991), (43.7905773, -79.4710256), (43.905106258, -79.2677945273), (43.6616148, -79.4087992), (43.8383567, -79.0888552), (43.643021, -79.3919503), (43.8822302, -79.4410797), (43.692127, -79.532028), (43.723916, -79.814008), (43.6693296, -79.3037379), (43.8505459245, -79.357435517), (43.6852646, -79.3154627), (43.7514339, -79.7386292), (43.6094846, -79.5865477), (43.8892700056, -79.316359), (43.6419487293, -79.4117577169), (43.7075699, -79.3901685), (43.8173234, -79.602129), (43.6770208384, -79.3553048372)]",,,,,,,,,,,,,,,,,,,,,,,,,,,,,,,,,,,,,,,,,,,,,,,,,,,,
Papa Murphy's,"[(33.3044612, -111.9945753), (36.2390814, -115.2094336), (35.4761288, -80.8899692), (33.3107142143, -111.7719693482), (33.3638067151, -111.6556962579), (36.2842832, -115.1787004), (33.6671314, -112.1870865), (33.4503917949, -112.3938827057), (36.3013607105, -115.2821881441), (36.003993, -115.0834834), (36.2777302, -115.1163292), (33.3939206909, -111.9405783699), (35.0355952, -80.8044731), (43.0177969, -89.4233931), (43.0321886, -89.4980948), (36.0572545, -115.2784568), (35.0303097, -80.8535521), (33.3940352, -111.7542464), (33.6009748, -112.287967), (35.4060152, -80.8650936), (36.0551922, -115.2434261), (35.2966598, -80.737783), (42.9198807, -89.3773111), (36.1595573, -115.2451796), (33.5250123168, -112.1311752603), (43.0843504, -89.2998225), (33.6699779, -111.904461), (36.1008343305, -115.3146554364), (35.0783713, -80.6537391), (33.3204869, -111.9086147), (33.4684504957, -112.3404414242), (33.594474, -112.21943), (33.4170443549, -111.8739368396), (33.6246505, -111.9443311), (33.5675177, -112.1703705), (43.0483845, -89.323659), (43.1743521, -89.2486834), (43.0851811, -89.2777003), (33.3925994, -111.6838716), (33.5692042, -111.8886628), (33.322519, -111.823599), (40.1134464, -88.2030631), (33.6519592, -112.2531647), (36.0335123, -115.2084299), (34.97728, -81.027208), (35.0621896, -80.9928286), (36.1153986, -115.2626207), (33.636983, -112.3959909), (33.537386, -112.046433), (43.1909557, -89.462998), (40.0972378, -88.2757788), (33.6191661, -111.8760361), (33.3353542, -111.7597427), (36.0143046, -114.964348), (36.0403026412, -115.0475952275), (33.3775636, -111.8768373), (33.5243379, -112.2037058), (33.7129651785, -112.2742193919), (33.6083997, -111.7296257), (33.2182734301, -111.8223184579), (42.9218621, -89.2497826), (43.0509844264, -89.4737807661), (35.3731343042, -80.7883273065), (35.083614, -80.73312), (33.452025, -111.8036197), (33.6555665, -112.0119988918), (33.7515572, -111.9913147), (33.3761660685, -112.170919605)]",,,,,,,,,,,,,,,,,,,,,,,,,,,,,,,,,,,,,,,,,,,,,,,,,,,,